<!-- https://dzone.com/articles/hibernate-5-xml-configuration-example -->
<!DOCTYPE hibernate-configuration PUBLIC
        "-//Hibernate/Hibernate Configuration DTD 3.0//EN"
        "http://www.hibernate.org/dtd/hibernate-configuration-3.0.dtd">
        
        <!-- 
        Potrebno je prvo kreirati bazu
        create database hibernate default character set utf8;

-->
        
<hibernate-configuration>
    <session-factory>
        <!-- JDBC Database connection settings -->
        <property name="connection.driver_class">org.mariadb.jdbc.Driver</property>
        <property name="connection.url">jdbc:mariadb://localhost/mmilosevic_kol2?useSSL=false</property>
        <property name="connection.username">p2</property>
        <property name="connection.password">julija</property>
        <!-- JDBC connection pool settings ... using built-in test pool -->
        <property name="connection.pool_size">5</property>
        <!-- Select our SQL dialect -->
        <property name="dialect">org.hibernate.dialect.MariaDBDialect</property>
        <!-- Echo the SQL to stdout -->
        <property name="show_sql">true</property>
        <!-- Set the current session context -->
        <property name="current_session_context_class">thread</property>
        <!-- Drop and re-create the database schema on startup -->
        <!-- 1. puta: create-drop -->
        <!-- 2. puta: update-->
        <property name="hbm2ddl.auto">create-drop</property>
        <!-- dbcp connection pool configuration -->
        <property name="hibernate.dbcp.initialSize">5</property>
        <property name="hibernate.dbcp.maxTotal">20</property>
        <property name="hibernate.dbcp.maxIdle">10</property>
        <property name="hibernate.dbcp.minIdle">5</property>
        <property name="hibernate.dbcp.maxWaitMillis">-1</property>
        
        
       <!-- <mapping class="paket.podpaket.Klasa" /> -->
       <mapping class="ffos.mmilosevic_kol2.model.Osoba" />
       <mapping class="ffos.mmilosevic_kol2.model.Rekreacija" />
       <mapping class="ffos.mmilosevic_kol2.model.Sport" />
        
        
    </session-factory>
</hibernate-configuration>